[{"id":1,"priority":1,"action":{"type":"modifyHeaders","requestHeaders":[{"header":"accept","operation":"remove"}]},"condition":{"urlFilter":"||i.redd.it/*","resourceTypes":["main_frame"]}},{"id":2,"priority":1,"action":{"type":"redirect","redirect":{"transform":{"host":"i.redd.it","query":""}}},"condition":{"urlFilter":"||preview.redd.it/*","resourceTypes":["main_frame"]}},{"id":3,"priority":2,"action":{"type":"block"},"condition":{"urlFilter":"https://i.redd.it/favicon.ico","resourceTypes":["image"]}}]